{
  "UniswapV2": {
    "BTC": {
      "LP Final Value": 124936.53145774522,
      "HODL Final Value": 383701.2871980559,
      "Impermanent Loss %": -2.0670815053423497,
      "Relative LP Gain %": -67.43911588879908,
      "Annualized APY %": -4.5671283896327015,
      "Average Slippage": 0.03676454561903484,
      "Total Volume": 553012.9226984995,
      "Total Fees Collected": 1648.1257396263659
    },
    "ETH": {
      "LP Final Value": 33855.613107010744,
      "HODL Final Value": 28147.11728115848,
      "Impermanent Loss %": -0.002310371978553327,
      "Relative LP Gain %": 20.280925285636616,
      "Annualized APY %": 0.7722952143712547,
      "Average Slippage": 0.010086953739931046,
      "Total Volume": 196836.91180828953,
      "Total Fees Collected": 585.4064728422522
    },
    "USDT": {
      "LP Final Value": 20000.168808962364,
      "HODL Final Value": 10000.168808962366,
      "Impermanent Loss %": -1.0558220964185239e-08,
      "Relative LP Gain %": 99.9983119388723,
      "Annualized APY %": 2.9298481552638034,
      "Average Slippage": 0.0,
      "Total Volume": 0.0,
      "Total Fees Collected": 0.0
    }
  }
}